{
  "generated": "2026-06-30T01:30:09.474Z",
  "match": {
    "home": "ARG",
    "homeName": "Argentina",
    "away": "FRA",
    "awayName": "Francia"
  },
  "inputs": {
    "home": {
      "code": "ARG",
      "avgGF": 2.3,
      "avgGA": 0.7,
      "elo": 2076,
      "form": "WWWDW",
      "attack": 1.7424,
      "defense": 0.5303
    },
    "away": {
      "code": "FRA",
      "avgGF": 2.2,
      "avgGA": 0.8,
      "elo": 2003,
      "form": "WWDWW",
      "attack": 1.6667,
      "defense": 0.6061
    }
  },
  "constants": {
    "LEAGUE_AVG": 1.32,
    "GAMMA": 0.15,
    "ELO_DIVISOR": 400,
    "HOST_ADV_FACTOR": 1.12,
    "HOME_ADV_ELO": 100
  },
  "analytical": {
    "description": "Dixon-Coles Poisson bivariado — SIN ajuste Elo (mismo que modo Analítico del modal)",
    "lambdaH": 1.594667,
    "lambdaA": 1.334667,
    "pHome": 0.435499,
    "pDraw": 0.244133,
    "pAway": 0.320368,
    "matrix6x6": [
      [
        0.053433,
        0.071315,
        0.047591,
        0.021173,
        0.007065,
        0.001886
      ],
      [
        0.085207,
        0.113723,
        0.075891,
        0.033763,
        0.011266,
        0.003007
      ],
      [
        0.067939,
        0.090675,
        0.060511,
        0.026921,
        0.008982,
        0.002398
      ],
      [
        0.036113,
        0.048199,
        0.032165,
        0.01431,
        0.004775,
        0.001275
      ],
      [
        0.014397,
        0.019215,
        0.012823,
        0.005705,
        0.001904,
        0.000508
      ],
      [
        0.004592,
        0.006128,
        0.00409,
        0.001819,
        0.000607,
        0.000162
      ]
    ]
  },
  "monteCarlo": {
    "description": "DC base + tilt Elo (mismo que modo Monte Carlo del modal — deriveLambdas)",
    "lambdaH": 1.616644,
    "lambdaA": 1.316523,
    "nSims": 50000,
    "seed": 42,
    "pHome": 0.44438,
    "pDraw": 0.24518,
    "pAway": 0.31044,
    "top30": {
      "1-1": 5765,
      "2-1": 4504,
      "1-0": 4299,
      "1-2": 3768,
      "0-1": 3475,
      "2-0": 3441,
      "2-2": 3010,
      "0-0": 2673,
      "3-1": 2604,
      "0-2": 2304,
      "3-0": 1915,
      "1-3": 1621,
      "3-2": 1559,
      "2-3": 1291,
      "0-3": 1006,
      "4-1": 1005,
      "4-0": 763,
      "3-3": 704,
      "4-2": 648,
      "1-4": 514,
      "2-4": 424,
      "0-4": 335,
      "4-3": 311,
      "5-1": 303,
      "3-4": 229,
      "5-0": 216,
      "5-2": 199,
      "1-5": 144,
      "2-5": 109,
      "4-4": 100
    }
  }
}